{
  "training_losses": [
    1.5798,
    1.6784,
    1.5362,
    1.3984,
    1.3483,
    1.2325,
    1.1741,
    1.1385,
    1.1395,
    1.1237,
    1.1505,
    1.1542,
    1.0779,
    1.0954,
    1.1428,
    1.0866,
    1.0808,
    1.093,
    1.0648,
    1.106,
    0.991,
    1.1115,
    1.1024,
    1.1558,
    1.0844,
    1.0377,
    1.055,
    1.1067,
    1.0784,
    1.0508,
    1.0471,
    1.019,
    1.0251,
    1.0045,
    1.0345,
    0.9889,
    1.0388,
    1.0405,
    0.964,
    0.9774,
    1.0162,
    1.0246,
    1.003,
    1.0641,
    0.9941,
    0.9632,
    1.0385,
    1.0408,
    1.0248,
    1.0046,
    1.0557,
    1.001,
    0.9792,
    0.9656,
    0.99,
    0.9802,
    0.979,
    0.9666,
    0.9974,
    1.0267,
    0.9854,
    0.9933,
    1.0258,
    0.9897,
    0.9586,
    1.0173,
    0.9425,
    0.9892,
    1.0064,
    0.9999,
    0.924,
    1.0431
  ],
  "eval_losses": [
    1.1299593448638916,
    1.0961533784866333,
    1.0829015970230103,
    1.0792303085327148,
    1.0786010026931763,
    1.0786062479019165
  ]
}